,make,address,all,3d,our,over,remove,internet,order,mail,receive,will,people,report,addresses,free,business,email,you,credit,your,font,000,money,hp,hpl,george,650,lab,labs,telnet,857,data,415,85,technology,1999,parts,pm,direct,cs,meeting,original,project,re,edu,table,conference,;,(,[,!,$,#
0,1.6219362745098038,1.7493872549019607,4.346200980392157,1.8033088235294117,5.450980392156863,1.8406862745098038,2.8517156862745097,2.301470588235294,1.806985294117647,3.6544117647058822,1.3223039215686274,5.841911764705882,1.525735294117647,0.8780637254901961,1.1593137254901962,5.362132352941177,2.9589460784313726,3.360294117647059,22.950367647058822,2.094362745098039,14.058210784313726,2.2794117647058822,2.6004901960784315,2.2395833333333335,0.16176470588235295,0.08639705882352941,0.015931372549019607,0.21200980392156862,0.012254901960784314,0.06556372549019608,0.015318627450980392,0.006740196078431373,0.16115196078431374,0.02267156862745098,0.0821078431372549,0.34558823529411764,0.45894607843137253,0.058823529411764705,0.12071078431372549,0.43075980392156865,0.0012254901960784314,0.032475490196078434,0.10784313725490197,0.06311274509803921,1.3927696078431373,0.17034313725490197,0.018995098039215685,0.028186274509803922,0.3088235294117647,1.4276960784313726,0.11825980392156862,5.4650735294117645,2.0814950980392157,0.9595588235294118
