,make,address,all,3d,our,over,remove,internet,order,mail,receive,will,people,report,addresses,free,business,email,you,credit,your,font,000,money,hp,hpl,george,650,lab,labs,telnet,857,data,415,85,technology,1999,parts,pm,direct,cs,meeting,original,project,re,edu,table,conference,;,(,[,!,$,#
0,0.8163346613545817,2.388844621513944,2.145418326693227,0.012350597609561753,1.9888446215139441,0.4745019920318725,0.10876494023904383,0.42828685258964144,0.4239043824701195,1.7406374501992032,0.24621513944223108,5.578884462151394,0.6784860557768925,0.45338645418326695,0.09681274900398407,0.7828685258964143,0.550199203187251,0.9960159362549801,12.89800796812749,0.08645418326693227,4.449800796812749,0.4697211155378486,0.08645418326693227,0.1892430278884462,9.102390438247012,4.368525896414343,12.698406374501992,1.9597609561752989,1.6366533864541832,1.6936254980079681,1.0693227091633466,0.7764940239043825,1.6115537848605577,0.7820717131474103,1.694422310756972,1.4681274900398407,2.1243027888446213,0.19322709163346613,1.3087649402390438,0.8175298804780876,0.6964143426294821,2.205577689243028,0.7458167330677291,1.3378486055776893,4.2474103585657375,3.0095617529880476,0.09282868525896415,0.5717131474103586,0.599203187250996,1.8350597609561754,0.29203187250996016,1.2848605577689243,0.1836653386454183,0.27091633466135456
